{
  "meta": {
    "episodes": 2,
    "max_steps": 20,
    "actions": [
      "idle",
      "move_forward",
      "move_back",
      "strafe_left",
      "strafe_right",
      "aim_left",
      "aim_right",
      "aim_up",
      "aim_down",
      "shoot",
      "reload"
    ]
  },
  "q_table": {
    "fight|1|2|3|3|0": [
      0.0038219219576227812,
      0.0,
      0.002638875538815408,
      0.0,
      0.0,
      0.0,
      0.0,
      0.0,
      0.022166176871371727,
      0.4783896427941652,
      0.0
    ],
    "fight|1|1|3|3|0": [
      0.0,
      0.004299668404551437,
      0.0,
      0.0,
      0.0,
      0.0,
      0.0,
      0.0,
      0.0,
      0.0,
      0.0
    ],
    "fight|0|1|3|3|0": [
      0.0,
      0.0,
      0.0,
      0.0,
      0.0,
      0.0,
      0.0,
      0.0,
      0.009954091680872754,
      0.0,
      0.0
    ],
    "fight|0|1|3|3|1": [
      0.0,
      0.0,
      0.0,
      0.003814968834957625,
      0.0,
      0.0,
      0.0,
      0.0,
      0.0,
      -0.05681614794780525,
      0.0
    ],
    "fight|1|1|3|3|1": [
      0.0,
      0.0,
      0.0,
      0.0,
      0.0,
      0.0,
      0.0,
      0.0,
      0.0,
      -0.058205577083523814,
      0.0037522594429232684
    ],
    "fight|1|1|3|3|2": [
      0.0,
      0.0,
      0.00988975224130862,
      0.0,
      0.0,
      0.0,
      0.0,
      0.0,
      0.0,
      -0.057091576195193845,
      0.0
    ],
    "fight|0|1|3|3|2": [
      0.0,
      0.0,
      0.0,
      0.0,
      0.0,
      0.0,
      0.0,
      0.0,
      0.0,
      0.0,
      0.0024291079191970356
    ],
    "fight|1|1|2|3|2": [
      0.0,
      0.0,
      0.0,
      0.0024541341707711136,
      0.0,
      0.0,
      0.0,
      0.0,
      0.0,
      0.0,
      0.0
    ],
    "fight|1|2|3|3|1": [
      0.0,
      0.0,
      0.0,
      0.0,
      0.0,
      0.0,
      0.0,
      0.0,
      0.00987548060787331,
      0.0,
      0.0
    ],
    "fight|0|2|3|3|2": [
      0.0,
      0.0,
      0.0,
      0.00809057695845662,
      0.0,
      0.0,
      0.0,
      0.0,
      0.0,
      -0.05586867121755635,
      0.0
    ],
    "fight|1|2|3|3|2": [
      0.0,
      0.0,
      0.0,
      0.002510569029039335,
      0.004490358579985189,
      0.0,
      0.0,
      0.020282236043396396,
      0.0,
      0.0,
      0.0
    ],
    "search|0|2|3|3|2": [
      0.0,
      0.0,
      0.0,
      0.0,
      0.02360617940205129,
      0.0,
      0.0,
      0.0,
      0.0,
      0.0,
      0.0
    ],
    "search|1|1|3|3|2": [
      0.0,
      0.0,
      0.0,
      0.0,
      0.0,
      0.010773587964343892,
      0.022280029420051407,
      0.0,
      0.0,
      0.0,
      0.0
    ],
    "search|0|1|3|3|2": [
      0.0,
      0.0,
      0.0,
      0.0,
      0.0,
      0.0,
      0.0,
      0.04934418575159865,
      0.0,
      0.0,
      0.0
    ],
    "search|1|0|3|3|2": [
      0.0,
      0.0,
      0.0,
      0.0,
      0.0,
      0.036854238828718355,
      0.0,
      0.0,
      0.0,
      0.0,
      0.0
    ],
    "search|0|0|3|3|2": [
      0.0,
      0.01838335502376938,
      0.0,
      0.0,
      0.0,
      0.0,
      0.0,
      0.0,
      0.0,
      0.0,
      0.0
    ],
    "search|1|0|2|3|2": [
      0.0,
      0.0,
      0.0,
      0.0,
      0.0,
      0.0,
      0.0,
      0.0,
      0.0,
      0.0,
      0.0
    ]
  }
}